{"cameraMode":{"drawMode":0,"name":"Shaded","section":"Shading Mode"},"sceneLighting":false,"audioPlay":false,"sceneViewState":{"m_AlwaysRefresh":false,"showFog":true,"showSkybox":false,"showFlares":true,"showImageEffects":true,"showParticleSystems":true,"showVisualEffectGraphs":true,"m_FxEnabled":true},"in2DMode":false,"pivot":{"x":4.155679225921631,"y":0.7248425483703613,"z":1.598710060119629},"rotation":{"x":0.062159061431884769,"y":0.8710693717002869,"z":-0.11432426422834397,"w":0.47360771894454958},"size":0.8272929191589356,"orthographic":false}