{"cameraMode":{"drawMode":0,"name":"Shaded","section":"Shading Mode"},"sceneLighting":false,"audioPlay":false,"sceneViewState":{"m_AlwaysRefresh":false,"showFog":true,"showSkybox":false,"showFlares":true,"showImageEffects":true,"showParticleSystems":true,"showVisualEffectGraphs":true,"m_FxEnabled":true},"in2DMode":false,"pivot":{"x":-1.453352928161621,"y":0.22190868854522706,"z":1.4597700834274293},"rotation":{"x":0.14970536530017854,"y":-0.8328803777694702,"z":0.27222126722335818,"w":0.45803308486938479},"size":1.5744273662567139,"orthographic":false}