{"cameraMode":{"drawMode":0,"name":"Shaded","section":"Shading Mode"},"sceneLighting":false,"audioPlay":false,"sceneViewState":{"m_AlwaysRefresh":false,"showFog":true,"showSkybox":false,"showFlares":true,"showImageEffects":true,"showParticleSystems":true,"showVisualEffectGraphs":true,"m_FxEnabled":true},"in2DMode":false,"pivot":{"x":2.940000057220459,"y":1.4660522937774659,"z":0.026229381561279298},"rotation":{"x":0.003906792029738426,"y":-0.8651437759399414,"z":0.501466691493988,"w":0.0067410240881145},"size":2.673480272293091,"orthographic":false}