{"cameraMode":{"drawMode":0,"name":"Shaded","section":"Shading Mode"},"sceneLighting":false,"audioPlay":false,"sceneViewState":{"m_AlwaysRefresh":false,"showFog":true,"showSkybox":false,"showFlares":true,"showImageEffects":true,"showParticleSystems":true,"showVisualEffectGraphs":true,"m_FxEnabled":true},"in2DMode":false,"pivot":{"x":-0.1664564609527588,"y":0.2976367473602295,"z":-15.954087257385254},"rotation":{"x":-0.000549055403098464,"y":0.9992953538894653,"z":-0.03388717770576477,"w":-0.01619379222393036},"size":10.038972854614258,"orthographic":false}